<?xml version="1.0"?>
<doc>
    <assembly>
        <name>Plugin.Connectivity</name>
    </assembly>
    <members>
        <member name="T:Plugin.Connectivity.CrossConnectivity">
            <summary>
            Cross platform Connectivity implementations
            </summary>
        </member>
        <member name="P:Plugin.Connectivity.CrossConnectivity.Current">
            <summary>
            Current settings to use
            </summary>
        </member>
        <member name="M:Plugin.Connectivity.CrossConnectivity.Dispose">
            <summary>
            Dispose of everything 
            </summary>
        </member>
        <member name="T:Plugin.Connectivity.ConnectivityImplementation">
            <summary>
            Connectivity Implementation for WinRT
            </summary>
        </member>
        <member name="M:Plugin.Connectivity.ConnectivityImplementation.#ctor">
            <summary>
            Default constructor
            </summary>
        </member>
        <member name="P:Plugin.Connectivity.ConnectivityImplementation.IsConnected">
            <summary>
            Gets if there is an active internet connection
            </summary>
        </member>
        <member name="M:Plugin.Connectivity.ConnectivityImplementation.IsReachable(System.String,System.Int32)">
            <summary>
            Checks if remote is reachable. RT apps cannot do loopback so this will alway return false.
            You can use it to check remote calls though.
            </summary>
            <param name="host"></param>
            <param name="msTimeout"></param>
            <returns></returns>
        </member>
        <member name="M:Plugin.Connectivity.ConnectivityImplementation.IsRemoteReachable(System.String,System.Int32,System.Int32)">
            <summary>
            Tests if a remote host name is reachable 
            </summary>
            <param name="host">Host name can be a remote IP or URL of website</param>
            <param name="port">Port to attempt to check is reachable.</param>
            <param name="msTimeout">Timeout in milliseconds.</param>
            <returns></returns>
        </member>
        <member name="P:Plugin.Connectivity.ConnectivityImplementation.ConnectionTypes">
            <summary>
            Gets the list of all active connection types.
            </summary>
        </member>
        <member name="P:Plugin.Connectivity.ConnectivityImplementation.Bandwidths">
            <summary>
            Retrieves a list of available bandwidths for the platform.
            Only active connections.
            </summary>
        </member>
        <member name="M:Plugin.Connectivity.ConnectivityImplementation.Dispose(System.Boolean)">
            <summary>
            Dispose
            </summary>
            <param name="disposing"></param>
        </member>
    </members>
</doc>
